url,label
https://google.com,0
https://google.com/search?q=cybersecurity,0
https://accounts.google.com/signin/v2/identifier,0
https://mail.google.com/mail/u/0/,0
https://drive.google.com/drive/my-drive,0
https://microsoft.com/en-us/windows,0
https://login.microsoftonline.com/common/oauth2/authorize,0
https://account.microsoft.com/security,0
https://apple.com/iphone,0
https://appleid.apple.com/sign-in,0
https://support.apple.com/billing,0
https://github.com,0
https://github.com/login,0
https://github.com/explore,0
https://github.com/settings/security,0
https://wikipedia.org/wiki/Phishing,0
https://wikipedia.org/wiki/Computer_security,0
https://amazon.com/gp/bestsellers,0
https://amazon.com/ap/signin?openid.pape.max_auth_age=0,0
https://linkedin.com/feed,0
https://linkedin.com/login,0
https://stackoverflow.com/questions,0
https://stackoverflow.com/users/login,0
https://python.org/downloads,0
https://docs.python.org/3/library/urllib.parse.html,0
https://cloudflare.com/learning/access,0
https://mozilla.org/en-US/firefox,0
https://nytimes.com/section/technology,0
https://bbc.com/news/world,0
https://chase.com/personal/banking,0
https://secure05c.chase.com/web/auth/dashboard,0
https://bankofamerica.com/online-banking,0
https://reddit.com/r/cybersecurity,0
https://reddit.com/login,0
https://mit.edu/research,0
https://harvard.edu/programs,0
https://weather.com/weather/today,0
https://netflix.com/browse,0
https://netflix.com/login,0
https://dropbox.com/features,0
https://dropbox.com/login,0
https://slack.com/solutions,0
https://zoom.us/pricing,0
https://zoom.us/signin,0
https://spotify.com/us/premium,0
https://spotify.com/login,0
https://cnn.com/world,0
https://ebay.com/deals,0
https://signin.ebay.com/ws/eBayISAPI.dll,0
https://paypal.com/us/home,0
https://paypal.com/signin,0
https://stripe.com/docs,0
https://dashboard.stripe.com/login,0
https://gitlab.com/explore/projects,0
https://gitlab.com/users/sign_in,0
https://adobe.com/products/photoshop,0
https://auth.services.adobe.com/en_US/index.html,0
https://news.ycombinator.com,0
https://cve.mitre.org/cve/identifiers/tech.html,0
https://owasp.org/www-project-top-ten/,0
https://developer.mozilla.org/en-US/docs/Web/HTTP,0
https://w3.org/Protocols/,0
https://ietf.org/standards/rfcs/,0
https://kernel.org,0
https://archlinux.org,0
https://ubuntu.com/download,0
https://digitalocean.com/products/droplets,0
https://cloud.google.com/run/docs,0
https://azure.microsoft.com/en-us/solutions,0
http://192.168.1.100/login/bank-verify.html,1
http://10.0.0.1/admin/secure/signin.php,1
http://84.17.45.12/webscr?cmd=_login-run&dispatch=verify,1
http://185.220.101.5/secure-portal/auth.html,1
http://198.51.100.24:8080/account/login.php,1
http://203.0.113.15/update-security-passcode,1
http://0x7f.0x0.0x0.0x1/chase-online-login.html,1
http://2130706433/paypal-verification-center,1
https://paypal.com.verify-account-center.xyz/login,1
https://paypal-security-update-center-login.xyz/confirm,1
https://paypal-customer-verification-portal.top/auth,1
http://chase-bank-online-alert.top/verify-identity,1
http://chase.com.account-verification-notice.click/signin,1
http://bankofamerica.com-secure-signin.club/update,1
http://bofa-online-id-verification.work/login.html,1
http://apple-id-verify.support-device.icu/unlock,1
http://appleid-security-account-locked.xyz/recover,1
https://amazon-order-confirmation.click/invoice-claim,1
http://amazon-account-suspension-alert.buzz/verify,1
https://microsoft-office365-login.work/auth/session,1
https://microsoftonline.security-verify.live/session-token,1
https://netflix-subscription-renew.loan/billing/card,1
http://netflix-account-reactivation.fit/update-payment,1
http://secure.login.account-verification.suspicious.buzz/webscr,1
https://user:pass@evil-domain.com/login,1
http://login.paypal.com@attacker-site.org/signin,1
http://google.com@malicious-harvest.xyz/account-check,1
http://www.xn--googl-fsa.com/search,1
http://xn--apple-qsa.com/id/verify,1
http://xn--microsft-5ya.com/office/login,1
http://wellsfargo.com.account-update.rest/login.php?user=alert,1
http://facebook.com.profile-security-check.gq/login,1
http://instagram-help-center-copyright.cf/claim-badge,1
http://update-wallet-metamask.fit/seed-phrase-verify,1
http://binance-safety-alert.country/unlock-funds,1
http://coinbase-fraud-prevention.quest/restore-wallet,1
https://bit.ly/secure-login-free-bonus-claim-now,1
http://tinyurl.com/bank-urgent-account-alert,1
http://t.co/urgent-chase-security-update-action,1
http://dhl-package-tracking-fee.top/delivery-pay,1
http://usps-redelivery-urgent-action.work/confirm-address,1
http://steam-community-free-nitro.click/claim,1
http://google-drive-shared-doc.loan/view/signin,1
http://adobe-pdf-cloud-login.buzz/auth?token=credential,1
http://internal-payroll-direct-deposit.rest/update-bank,1
http://login.security.account-update.verify-server.xyz/portal,1
http://free-bonus-reward-claim-instant.click/gift,1
http://urgent-notice-suspended-account.icu/identity,1
http://secure-banking-portal-session.top/card-details,1
http://x8k3m9q2-login-verify.xyz/auth.php,1
http://d94j2k8snf01a.buzz/invoice/download.exe,1
http://phishing-payload-delivery.top/update-patch.bat,1
https://secure-auth-gateway.top/redirect?url=http://attacker-server.xyz/capture,1
http://account-validation-center.work/confirm?target=https://phish.net,1
